Region,Count,MAE (C),RMSE (C),Max Error (C),Rel Error
全场 (Global),1704882,0.9211191525285921,1.1168082095780496,5.961576461791989,0.03858009428139395
端面 (Ends),13266,0.6840010678518345,1.0841724387963132,5.342618942260742,0.010584743817427363
细轴侧面 (Thin Shaft),109344,1.038127109901159,1.3014875372023484,5.342618942260742,0.02453053183855437
台阶面 (Steps),27336,2.871087390217545,3.123386082627322,5.961576461791989,0.1205000390014927
粗轴侧面 (Thick Shaft),456672,0.9487786573448526,1.1688832624101972,5.961576461791989,0.04483310559540246
