Region,Count,MAE (C),RMSE (C),Max Error (C),Rel Error
全场 (Global),1704882,0.8419009109779964,1.045605316028014,7.632118225097656,0.03526212263848714
端面 (Ends),13266,1.1159979354269487,1.491060515419554,7.632118225097656,0.017269786265642035
细轴侧面 (Thin Shaft),109344,1.1520658703550875,1.4439041738302867,7.632118225097656,0.0272228595547881
台阶面 (Steps),27336,2.8288502659684633,3.0915611338383515,6.578901290893551,0.11872733952300708
粗轴侧面 (Thick Shaft),456672,0.8391815946043837,1.0559315511070673,6.578901290893551,0.03965426156391889
