Region,Count,MAE (C),RMSE (C),Max Error (C),Rel Error
全场 (Global),1704882,0.8325734132688014,1.0364488110348968,7.5611114501953125,0.034871450335080593
端面 (Ends),13266,1.0491415432418576,1.4242495079155908,7.5611114501953125,0.016235200477553863
细轴侧面 (Thin Shaft),109344,1.2666667941930456,1.5931079570791478,7.5611114501953125,0.02993083392914235
台阶面 (Steps),27336,2.5326264037840334,2.797016677475774,6.2103424072265625,0.10629477231240331
粗轴侧面 (Thick Shaft),456672,0.8116021194360108,0.9995092510927199,6.2103424072265625,0.03835103502850155
