Region,Count,MAE (C),RMSE (C),Max Error (C),Rel Error
全场 (Global),1704882,0.6903265621711642,0.9305687204524634,8.689373016357422,0.028913592536213575
端面 (Ends),13266,1.2367562668258458,1.598313332552224,8.689373016357422,0.019138490953036175
细轴侧面 (Thin Shaft),109344,1.0787156562830293,1.334703494590223,8.689373016357422,0.025489623090295118
台阶面 (Steps),27336,2.805934137582151,3.120446270277549,7.17957878112793,0.11776554561393886
粗轴侧面 (Thick Shaft),456672,0.6827442096633087,0.9549916654500653,7.17957878112793,0.03226204869758054
