Region,Count,MAE (C),RMSE (C),Max Error (C),Rel Error
全场 (Global),1704882,1.3292548477107302,1.5842923366518102,8.412639617919922,0.05567442301889177
端面 (Ends),13266,1.0684978050037546,1.4389175379490171,7.348230361938477,0.016534733740939243
细轴侧面 (Thin Shaft),109344,1.077496104084123,1.3654295417806248,7.348230361938477,0.025460805555564812
台阶面 (Steps),27336,3.5783726176149426,3.958862961150006,8.412639617919922,0.15018492347312426
粗轴侧面 (Thick Shaft),456672,1.4127314322239197,1.6968266051662568,8.412639617919922,0.06675649477201298
