frame_index,step_time,node_set,instance,node_label,x,y,z,NT11,r,pred_T,abs_error
109,1090.0,ALL-N,S-1,5708,6.7795024,13.972269,1000.0,70.39661407470703,15.530162710028726,70.71105,0.3144378662109375
189,1890.0,ALL-N,S-1,17,-17.67767,17.67767,0.0,79.09561157226562,25.00000066515599,78.033516,1.0620956420898438
122,1220.0,ALL-N,S-1,151,-17.67767,-17.67767,1000.0,72.26017761230469,25.00000066515599,72.19298,0.06719970703125
104,1040.0,ALL-N,S-1,2088,-2.085071,-2.0220804,0.0,69.61691284179688,2.9045361452571323,69.89512,0.27820587158203125
65,650.0,ALL-N,S-1,163,-8.122801,4.0958004,0.0,61.25709915161133,9.097003737618293,62.59849,1.3413925170898438
