Region,Count,MAE (C),RMSE (C),Max Error (C),Rel Error
全场 (Global),1704882,5.570695490470822,7.611625557262566,17.955451965332028,0.23332264522491214
端面 (Ends),13266,0.1720709768370339,0.39119367017858114,4.652706146240234,0.0026627549193081234
细轴侧面 (Thin Shaft),109344,4.305480538507913,6.202834073998843,16.19293212890625,0.10173679737561264
台阶面 (Steps),27336,12.91927676449263,14.000238066381568,17.955451965332028,0.5422243012514091
粗轴侧面 (Thick Shaft),456672,5.723781691103073,7.786498803460367,17.955451965332028,0.27046867778454203
