frame_index,step_time,node_set,instance,node_label,x,y,z,NT11,r,pred_T,abs_error
113,1130.0,ALL-N,S-1,6520,-23.096989,-9.567086,84.375,42.54428482055664,25.00000070795033,47.950314,5.406028747558594
163,1630.0,ALL-N,S-1,8111,-9.567086,-23.096989,65.625,53.224239349365234,25.00000070795033,55.861412,2.6371726989746094
182,1820.0,ALL-N,S-1,8275,23.096989,9.567086,93.75,45.93526458740234,25.00000070795033,52.194206,6.258941650390632
80,800.0,ALL-N,S-1,3670,23.610357,8.218944,925.0,40.18476104736328,24.9999999628517,43.872112,3.6873512268066406
78,780.0,ALL-N,S-1,723,1.4410888,24.958431,906.25,35.29957580566406,25.00000029822493,41.184853,5.885276794433594
