frame_index,step_time,node_set,instance,node_label,x,y,z,NT11,r,pred_T,abs_error
109,1090.0,ALL-N,S-1,5708,6.7795024,13.972269,1000.0,70.39661407470703,15.530162710028726,70.52343,0.1268157958984375
189,1890.0,ALL-N,S-1,17,-17.67767,17.67767,0.0,79.09561157226562,25.00000066515599,79.010925,0.084686279296875
122,1220.0,ALL-N,S-1,151,-17.67767,-17.67767,1000.0,72.26017761230469,25.00000066515599,72.16321,0.0969696044921875
104,1040.0,ALL-N,S-1,2088,-2.085071,-2.0220804,0.0,69.61691284179688,2.9045361452571323,69.870926,0.2540130615234375
65,650.0,ALL-N,S-1,163,-8.122801,4.0958004,0.0,61.25709915161133,9.097003737618293,61.490894,0.233795166015625
