Region,Count,MAE (C),RMSE (C),Max Error (C),Rel Error
全场 (Global),1704882,0.6691816454688507,0.8800842897052921,4.520219802856445,0.02802796022935287
端面 (Ends),13266,0.5450706884509815,0.9097298414411398,4.520219802856445,0.008434831275573615
细轴侧面 (Thin Shaft),109344,1.1081317979793364,1.3721435416081886,4.520219802856445,0.026184714850799658
台阶面 (Steps),27336,2.512954135718386,2.660335583376283,4.436983108520504,0.1054691237873061
粗轴侧面 (Thick Shaft),456672,0.6437160366134999,0.8549774062069281,4.436983108520504,0.030417831197542766
