Region,Count,MAE (C),RMSE (C),Max Error (C),Rel Error
全场 (Global),1704882,1.9773827113234674,2.424960800045235,7.953697204589844,0.08282056802731583
端面 (Ends),13266,0.2917603864113381,0.6396984617322728,6.28509521484375,0.004514918311365246
细轴侧面 (Thin Shaft),109344,1.0631059656758597,1.6857408164318906,6.28509521484375,0.025120772292760687
台阶面 (Steps),27336,5.440052496888047,5.847057454256726,7.953697204589844,0.22831995301804708
粗轴侧面 (Thick Shaft),456672,2.1420804771041495,2.5807211592675277,7.953697204589844,0.10122078472192504
