Region,Count,MAE (C),RMSE (C),Max Error (C),Rel Error
全场 (Global),1704882,1.8600722609407914,2.186823989668808,7.065299987792965,0.07790714480347732
端面 (Ends),13266,0.4685649536825242,0.6938306884717762,5.407651901245117,0.007250924347428905
细轴侧面 (Thin Shaft),109344,1.0331323602445857,1.4359469793717758,5.407651901245117,0.02441250788531434
台阶面 (Steps),27336,4.694578540789164,5.049461399884917,7.065299987792965,0.1970322809358309
粗轴侧面 (Thick Shaft),456672,2.0105548080344833,2.334729593632735,7.065299987792965,0.0950057374458742
