frame_index,step_time,node_set,instance,node_label,x,y,z,NT11,r,pred_T,abs_error
13,130.0,ALL-N,S-1,5638,-35.35534,35.35534,580.0,20.0,50.00000133031198,20.131493,0.13149261474609375
95,950.0,ALL-N,S-1,7329,-27.778511,-41.573483,440.0,20.04521942138672,50.00000162128407,21.863743,1.8185234069824219
132,1320.0,ALL-N,S-1,301,-35.35534,35.35534,570.0,20.218828201293945,50.00000133031198,22.414667,2.1958389282226562
17,170.0,ALL-N,S-1,2408,-9.754517,-49.039265,430.0,20.0,50.000001136435124,20.201155,0.2011547088623047
49,490.0,ALL-N,S-1,597,-19.134172,-46.193977,450.0,20.000572204589844,50.00000049202112,20.887249,0.8866767883300781
