Region,Count,MAE (C),RMSE (C),Max Error (C),Rel Error
全场 (Global),1704882,3.4438089091391824,4.4533130706788615,11.158464431762695,0.14424026689377734
端面 (Ends),13266,0.08703509617872618,0.23405013455078605,2.8546409606933594,0.001346846137346271
细轴侧面 (Thin Shaft),109344,1.8808417852803354,2.9049461499030076,9.204620361328121,0.044443545358810205
台阶面 (Steps),27336,7.42090716409446,8.149405229792936,11.158464431762695,0.3114567692180499
粗轴侧面 (Thick Shaft),456672,3.680305960308519,4.6575577751492965,11.158464431762695,0.1739073117471365
