frame_index,step_time,node_set,instance,node_label,x,y,z,NT11,r,pred_T,abs_error
113,1130.0,ALL-N,S-1,6520,-23.096989,-9.567086,84.375,42.54428482055664,25.00000070795033,44.555824,2.0115394592285156
163,1630.0,ALL-N,S-1,8111,-9.567086,-23.096989,65.625,53.224239349365234,25.00000070795033,54.31558,1.091339111328125
182,1820.0,ALL-N,S-1,8275,23.096989,9.567086,93.75,45.93526458740234,25.00000070795033,48.266113,2.3308486938476634
80,800.0,ALL-N,S-1,3670,23.610357,8.218944,925.0,40.18476104736328,24.9999999628517,41.616024,1.4312629699707031
78,780.0,ALL-N,S-1,723,1.4410888,24.958431,906.25,35.29957580566406,25.00000029822493,37.589203,2.2896270751953125
