Region,Count,MAE (C),RMSE (C),Max Error (C),Rel Error
全场 (Global),1704882,1.086209960373718,1.3354123823137227,8.221240997314453,0.04549474686914236
端面 (Ends),13266,1.5082605127006494,1.8651338336139933,6.422412872314453,0.023339950604194377
细轴侧面 (Thin Shaft),109344,1.4559189180445873,1.816447813753136,6.421804428100586,0.03440278654975765
台阶面 (Steps),27336,2.9322105060378676,3.3155714331524617,8.221240997314453,0.12306538684333722
粗轴侧面 (Thick Shaft),456672,1.078365967658129,1.32735861217126,8.221240997314453,0.0509565586496248
