Region,Count,MAE (C),RMSE (C),Max Error (C),Rel Error
全场 (Global),1704882,0.7074009012058242,0.9026000597631136,5.134458541870117,0.029628733034531705
端面 (Ends),13266,0.623783360738192,1.0189490889514532,5.134458541870117,0.009652890004577983
细轴侧面 (Thin Shaft),109344,1.1197823839889551,1.3937372223480364,5.134458541870117,0.026460013577054846
台阶面 (Steps),27336,2.481321462316404,2.6299066357173913,4.610406875610348,0.10414149496219692
粗轴侧面 (Thick Shaft),456672,0.687571162825317,0.8771177308084691,4.610406875610348,0.03249013909478867
