Region,Count,MAE (C),RMSE (C),Max Error (C),Rel Error
全场 (Global),1704882,3.691099847601294,4.299975478930682,10.490346908569332,0.1545977843708732
端面 (Ends),13266,0.5999671338497018,0.7703809117143722,5.439645767211914,0.00928433990698223
细轴侧面 (Thin Shaft),109344,2.1188465932813134,2.911107286876865,8.737157821655273,0.05006750456834562
台阶面 (Steps),27336,7.376487191183231,7.9787491318602894,10.490346908569332,0.30959245520013245
粗轴侧面 (Thick Shaft),456672,3.9165180187804722,4.482412726279751,10.490346908569332,0.18506915658670825
