frame_index,step_time,node_set,instance,node_label,x,y,z,NT11,r,pred_T,abs_error
13,130.0,ALL-N,S-1,5638,-35.35534,35.35534,580.0,20.0,50.00000133031198,20.264553,0.2645530700683594
95,950.0,ALL-N,S-1,7329,-27.778511,-41.573483,440.0,20.04521942138672,50.00000162128407,23.3018,3.256580352783203
132,1320.0,ALL-N,S-1,301,-35.35534,35.35534,570.0,20.218828201293945,50.00000133031198,24.419937,4.201108932495117
17,170.0,ALL-N,S-1,2408,-9.754517,-49.039265,430.0,20.0,50.000001136435124,20.385588,0.3855876922607422
49,490.0,ALL-N,S-1,597,-19.134172,-46.193977,450.0,20.000572204589844,50.00000049202112,21.563171,1.5625991821289062
