Region,Count,MAE (C),RMSE (C),Max Error (C),Rel Error
全场 (Global),1704882,2.0129808769267736,2.9389992454259093,11.868215560913086,0.08431155926493164
端面 (Ends),13266,0.08700331019794483,0.2450279470208032,2.9989242553710938,0.0013463542573195148
细轴侧面 (Thin Shaft),109344,1.6946693636326542,2.7358640944231554,9.994874954223633,0.04004436487972221
台阶面 (Steps),27336,6.750144528756548,7.611846789292891,11.868215560913086,0.28330474431126423
粗轴侧面 (Thick Shaft),456672,2.0655470099063904,3.0085636713989925,11.868215560913086,0.09760431106930129
