frame_index,step_time,node_set,instance,node_label,x,y,z,NT11,r,pred_T,abs_error
113,1130.0,ALL-N,S-1,6520,-23.096989,-9.567086,84.375,42.54428482055664,25.00000070795033,44.31473,1.77044677734375
163,1630.0,ALL-N,S-1,8111,-9.567086,-23.096989,65.625,53.224239349365234,25.00000070795033,54.364414,1.1401748657226562
182,1820.0,ALL-N,S-1,8275,23.096989,9.567086,93.75,45.93526458740234,25.00000070795033,48.971016,3.0357513427734446
80,800.0,ALL-N,S-1,3670,23.610357,8.218944,925.0,40.18476104736328,24.9999999628517,41.157803,0.9730415344238281
78,780.0,ALL-N,S-1,723,1.4410888,24.958431,906.25,35.29957580566406,25.00000029822493,37.012062,1.7124862670898438
