Region,Count,MAE (C),RMSE (C),Max Error (C),Rel Error
全场 (Global),1704882,1.412848327146739,1.6936176022170757,8.032291412353516,0.05917564683895654
端面 (Ends),13266,1.0953592134783678,1.4534322232809653,8.032291412353516,0.016950407254683875
细轴侧面 (Thin Shaft),109344,1.0422949095130978,1.3279353479357483,8.032291412353516,0.024629015290245665
台阶面 (Steps),27336,3.6684456733293898,4.074454753915157,7.847639083862301,0.15396530534640193
粗轴侧面 (Thick Shaft),456672,1.510708183231839,1.8150618549718354,7.847639083862301,0.0713862384849725
