Region,Count,MAE (C),RMSE (C),Max Error (C),Rel Error
全场 (Global),1704882,1.2267394144869146,1.4572408738517952,5.798610687255859,0.05138067332514628
端面 (Ends),13266,0.5367040320720928,0.7078347895470233,5.798610687255859,0.008305359380658146
细轴侧面 (Thin Shaft),109344,0.9105927127650303,1.1570715912534615,5.798610687255859,0.021516944620167875
台阶面 (Steps),27336,3.6051341052079082,3.8423210770005123,5.283334732055664,0.15130810777941806
粗轴侧面 (Thick Shaft),456672,1.3076360141434922,1.5613253973428043,5.283334732055664,0.06179036917473345
