Region,Count,MAE (C),RMSE (C),Max Error (C),Rel Error
全场 (Global),1704882,0.5968488413543586,0.8103134128399695,5.389659881591797,0.02499837779724935
端面 (Ends),13266,0.6509908486073973,1.0377184478527453,5.389659881591797,0.010073919009570243
细轴侧面 (Thin Shaft),109344,1.1188640943353623,1.3969322708788752,5.3887176513671875,0.026438314756775872
台阶面 (Steps),27336,2.3495754393911654,2.488069806418156,4.306306838989258,0.09861209137982115
粗轴侧面 (Thick Shaft),456672,0.55194092113881,0.7505911979381205,4.306306838989258,0.026081136425527562
