Region,Count,MAE (C),RMSE (C),Max Error (C),Rel Error
全场 (Global),1704882,0.9509439154661957,1.1570136738445078,8.504936218261719,0.039829272699728115
端面 (Ends),13266,1.1537291985299996,1.5192499326056634,8.504936218261719,0.017853668035166192
细轴侧面 (Thin Shaft),109344,1.0572457177128958,1.3122650932239617,8.498302459716797,0.024982296957836627
台阶面 (Steps),27336,3.028111221987775,3.3405185287858257,6.812154769897457,0.12709035663408932
粗轴侧面 (Thick Shaft),456672,0.9693922940303595,1.2046580977397576,6.812154769897457,0.04580717193118291
