Region,Count,MAE (C),RMSE (C),Max Error (C),Rel Error
全场 (Global),1704882,2.413787032076375,2.7851168988406916,7.655664443969727,0.10109889802755133
端面 (Ends),13266,0.3101213548080281,0.550193049890783,5.7590179443359375,0.004799049661231709
细轴侧面 (Thin Shaft),109344,1.0824775501828394,1.627045196500245,5.949579238891602,0.025578515151009475
台阶面 (Steps),27336,5.24070252861445,5.631656707944998,7.655664443969727,0.21995320004711275
粗轴侧面 (Thick Shaft),456672,2.6446013431535373,2.975445767684155,7.655664443969727,0.1249666509227248
