Region,Count,MAE (C),RMSE (C),Max Error (C),Rel Error
全场 (Global),1704882,0.6106895098414321,0.8563449397444047,8.054893493652344,0.025578079450051798
端面 (Ends),13266,1.0940731010626799,1.4713311418673922,8.054893493652344,0.016930504989789433
细轴侧面 (Thin Shaft),109344,1.1667039152436485,1.4651807690113603,8.054893493652344,0.027568750749390677
台阶面 (Steps),27336,2.4735837928168007,2.731660477600504,6.358060836791996,0.10381674362245723
粗轴侧面 (Thick Shaft),456672,0.5720175814924306,0.8082851574384762,6.358060836791996,0.02702982875399522
