frame_index,step_time,node_set,instance,node_label,x,y,z,NT11,r,pred_T,abs_error
113,1130.0,ALL-N,S-1,6520,-23.096989,-9.567086,84.375,42.54428482055664,25.00000070795033,38.98517,3.5591163635253906
163,1630.0,ALL-N,S-1,8111,-9.567086,-23.096989,65.625,53.224239349365234,25.00000070795033,51.807194,1.4170455932617188
182,1820.0,ALL-N,S-1,8275,23.096989,9.567086,93.75,45.93526458740234,25.00000070795033,45.3476,0.587665557861321
80,800.0,ALL-N,S-1,3670,23.610357,8.218944,925.0,40.18476104736328,24.9999999628517,37.71148,2.4732818603515625
78,780.0,ALL-N,S-1,723,1.4410888,24.958431,906.25,35.29957580566406,25.00000029822493,32.86425,2.4353256225585938
