Region,Count,MAE (C),RMSE (C),Max Error (C),Rel Error
全场 (Global),1704882,0.8494162621583509,1.0549886921090932,8.235776901245117,0.03557689511531593
端面 (Ends),13266,1.1227301011415478,1.4741023797640525,8.235776901245117,0.017373964830230088
细轴侧面 (Thin Shaft),109344,1.128151771475915,1.4063422263346341,8.235776901245117,0.02665777888369212
台阶面 (Steps),27336,2.827073010220526,3.1241543746700313,6.584653854370114,0.11865274778899308
粗轴侧面 (Thick Shaft),456672,0.8548110618202716,1.077820114491929,6.584653854370114,0.04039280848280799
