frame_index,step_time,node_set,instance,node_label,x,y,z,NT11,r,pred_T,abs_error
113,1130.0,ALL-N,S-1,6520,-23.096989,-9.567086,84.375,42.54428482055664,25.00000070795033,39.6233,2.9209861755371094
163,1630.0,ALL-N,S-1,8111,-9.567086,-23.096989,65.625,53.224239349365234,25.00000070795033,52.291565,0.9326744079589844
182,1820.0,ALL-N,S-1,8275,23.096989,9.567086,93.75,45.93526458740234,25.00000070795033,45.434456,0.5008087158203054
80,800.0,ALL-N,S-1,3670,23.610357,8.218944,925.0,40.18476104736328,24.9999999628517,38.038025,2.1467361450195312
78,780.0,ALL-N,S-1,723,1.4410888,24.958431,906.25,35.29957580566406,25.00000029822493,33.007755,2.291820526123047
